{
    "frames": [
        {
            "filename": "lectern1 0.png",
            "frame": {
                "x": 0,
                "y": 0,
                "w": 176,
                "h": 166
            },
            "rotated": false,
            "trimmed": false,
            "spriteSourceSize": {
                "x": 0,
                "y": 0,
                "w": 176,
                "h": 166
            },
            "sourceSize": {
                "w": 176,
                "h": 166
            },
            "duration": 100
        }
    ],
    "meta": {
        "image": "",
        "format": "RGBA8888",
        "size": {
            "w": 176,
            "h": 166
        },
        "scale": "1",
        "frameTags": [],
        "layers": [
            {
                "name": "Background",
                "opacity": 255,
                "blendMode": "normal"
            }
        ]
    }
}