{
    "frames": [
        {
            "filename": "panorama1 0.png",
            "frame": {
                "x": 0,
                "y": 0,
                "w": 600,
                "h": 365
            },
            "rotated": false,
            "trimmed": false,
            "spriteSourceSize": {
                "x": 0,
                "y": 0,
                "w": 600,
                "h": 365
            },
            "sourceSize": {
                "w": 600,
                "h": 365
            },
            "duration": 100
        },
        {
            "filename": "panorama1 1.png",
            "frame": {
                "x": 0,
                "y": 365,
                "w": 600,
                "h": 365
            },
            "rotated": false,
            "trimmed": false,
            "spriteSourceSize": {
                "x": 0,
                "y": 0,
                "w": 600,
                "h": 365
            },
            "sourceSize": {
                "w": 600,
                "h": 365
            },
            "duration": 100
        },
        {
            "filename": "panorama1 2.png",
            "frame": {
                "x": 0,
                "y": 730,
                "w": 600,
                "h": 365
            },
            "rotated": false,
            "trimmed": false,
            "spriteSourceSize": {
                "x": 0,
                "y": 0,
                "w": 600,
                "h": 365
            },
            "sourceSize": {
                "w": 600,
                "h": 365
            },
            "duration": 100
        },
        {
            "filename": "panorama1 3.png",
            "frame": {
                "x": 0,
                "y": 1095,
                "w": 600,
                "h": 365
            },
            "rotated": false,
            "trimmed": false,
            "spriteSourceSize": {
                "x": 0,
                "y": 0,
                "w": 600,
                "h": 365
            },
            "sourceSize": {
                "w": 600,
                "h": 365
            },
            "duration": 100
        },
        {
            "filename": "panorama1 4.png",
            "frame": {
                "x": 0,
                "y": 1460,
                "w": 600,
                "h": 365
            },
            "rotated": false,
            "trimmed": false,
            "spriteSourceSize": {
                "x": 0,
                "y": 0,
                "w": 600,
                "h": 365
            },
            "sourceSize": {
                "w": 600,
                "h": 365
            },
            "duration": 100
        },
        {
            "filename": "panorama1 5.png",
            "frame": {
                "x": 0,
                "y": 1825,
                "w": 600,
                "h": 365
            },
            "rotated": false,
            "trimmed": false,
            "spriteSourceSize": {
                "x": 0,
                "y": 0,
                "w": 600,
                "h": 365
            },
            "sourceSize": {
                "w": 600,
                "h": 365
            },
            "duration": 100
        }
    ],
    "meta": {
        "image": "",
        "format": "RGBA8888",
        "size": {
            "w": 600,
            "h": 2190
        },
        "scale": "1",
        "frameTags": [],
        "layers": [
            {
                "name": "Background",
                "opacity": 255,
                "blendMode": "normal"
            }
        ]
    }
}